{"ratio": [], "shift": [["DF1,AUTHORS", 0], ["DF1,SKILLS", 0], ["DF2,AUTHORS", 0], ["DF2,PROFESSIONALS", 0], ["DF3,AUTHORS", 0], ["DF3,PROJECTS", 0], ["DF4,AUTHORS", 0], ["DF4,PERSONNALS", 0], ["DF5,AUTHORS", 0], ["DF5,MESSAGES", 0]], "colors": [["annotation_color", "#2166ac"], ["annotation_text_color", "#f7f7f7"], ["association_attribute_text_color", "#000000"], ["association_cartouche_color", "#92c5de"], ["association_cartouche_text_color", "#000000"], ["association_color", "#d1e5f0"], ["association_stroke_color", "#4393c3"], ["background_color", "#f7f7f7"], ["card_text_color", "#b2182b"], ["entity_attribute_text_color", "#000000"], ["entity_cartouche_color", "#f4a582"], ["entity_cartouche_text_color", "#000000"], ["entity_color", "#fddbc7"], ["entity_stroke_color", "#d6604d"], ["leg_stroke_color", "#4393c3"], ["transparent_color", "none"]], "cy": [["AUTHORS", 77], ["DF1", 186], ["DF2", 186], ["DF3", 186], ["DF4", 186], ["DF5", 186], ["SKILLS", 320], ["PROFESSIONALS", 320], ["PROJECTS", 320], ["PERSONNALS", 320], ["MESSAGES", 320]], "cx": [["AUTHORS", 307], ["DF1", 49], ["DF2", 178], ["DF3", 307], ["DF4", 426], ["DF5", 555], ["SKILLS", 49], ["PROFESSIONALS", 178], ["PROJECTS", 307], ["PERSONNALS", 426], ["MESSAGES", 555]], "size": [614, 422]}